file,functions,functions_run,statements,hit,percent,dt_tests_hit
dt/__main__.py,2,0,17,0,0.0,0
dt/ai.py,18,12,104,56,53.8,102
dt/application.py,23,18,223,147,65.9,202
dt/assessment_library.py,4,3,40,24,60.0,36
dt/assessment_reports.py,4,0,24,0,0.0,24
dt/assessment_scope.py,25,24,232,168,72.4,196
dt/assessment_ui.py,42,38,416,329,79.1,218
dt/boundaries.py,4,1,17,8,47.1,13
dt/catalogue.py,14,13,108,85,78.7,92
dt/directory.py,3,3,17,13,76.5,14
dt/directory_validation.py,6,6,61,27,44.3,57
dt/domain.py,5,5,45,40,88.9,43
dt/drafts.py,8,8,57,48,84.2,54
dt/ffmpeg_setup.py,18,4,88,14,15.9,77
dt/ffmpeg_ui.py,2,0,11,0,0.0,0
dt/help_guide.py,2,2,22,22,100.0,22
dt/locking.py,4,4,37,23,62.2,26
dt/media.py,34,33,232,171,73.7,194
dt/modular_assessment.py,15,8,149,49,32.9,128
dt/playback.py,1,1,21,15,71.4,18
dt/playback_ui.py,17,16,129,118,91.5,102
dt/presentation.py,4,4,25,25,100.0,25
dt/processes.py,6,6,56,40,71.4,49
dt/publication.py,2,1,16,5,31.2,7
dt/registration.py,8,7,68,55,80.9,44
dt/registration_ui.py,7,7,61,59,96.7,40
dt/report_providers.py,10,9,98,73,74.5,91
dt/report_ui.py,8,8,83,81,97.6,0
dt/reports.py,9,8,123,83,67.5,108
dt/self_check.py,2,0,22,0,0.0,0
dt/signature_ui.py,9,9,52,51,98.1,48
dt/signatures.py,1,1,19,15,78.9,17
dt/storage.py,44,42,435,338,77.7,400
dt/templates.py,1,1,1,1,100.0,1
dt/ui.py,150,144,1557,1376,88.4,1193
dt/vehicles.py,7,7,28,25,89.3,25
dt/workflow.py,2,2,31,28,90.3,28
